,フェイクニュースURL,フェイクニュースの媒体,フェイクニュース本文,フェイクニュース作成日付,話題の分野,いいね数,RT（含む引用）,DBへのデータ登録日,フェイクニュースの発信国,評価記事のURL,評価記事の本文,評価記事の日付,判定,判定の根拠①,判定の根拠②,判定の根拠③,評価記事作成国
1,削除済み,Line,"新型コロナウィルスは、感染されても何日も症状が出ない場合があります。では、自身が感染されたかどうか、どう分かるのでしょう。咳と熱の症状が出て、病院に行った時は大体50%は肺が繊維化されていると考えられます。即ち、症状が出て受診すると遅れるケースが多いのです。
台湾の専門家は、毎朝、自身でチェックできる簡単な診療を提示してます。
深く息を吸って、10秒我慢する。咳が出たり、息切れる等、すごく不便なことがなければ、肺が繊維症状になってない、即ち、感染されてないということです。(注:新型コロナで悪化すると、肺胞の組織が繊維化して硬くなっていくようです。）
現在、既に大変な事態になってるので、毎朝、良い空気を吸いながら、自己診断をしてみてください。
また、日本のお医者さんは、とても有効なアドバイスをしてくれています。皆んな、常に、口と喉を濡らして、絶対に乾燥した状態におかないこと。15分毎に水を一口飲むのが良いそうです。ウィルスが口に入ったとしても、水とか他の飲み物によって、食道から胃に入ってしまえば、胃酸によりウィルスは死んでしまう。水分をよく取らない場合、ウィルスが気管支から肺に侵入してしまうので、とても危ないのです。",不明,医療・健康,,,2022/10/3,日本,https://www.buzzfeed.com/jp/yutochiba/hold-your-breath-for-10-seconds-myth,"新型コロナウイルスに感染しているかどうか見分ける方法として、「深く息を吸って、10秒我慢する」というセルフチェックが台湾の専門家によって提示されているという情報が拡散している。
この情報は誤りだ。BuzzFeed Newsは米国国立研究機関博士研究員として免疫学やウイルス学を専門とする峰宗太郎医師の協力を得て、ファクトチェックを実施した。
峰医師は「息を止められるかどうかということと肺炎をふくむ気道炎症性疾患を発症しているかどうかは特に関するものではないといえます」としている。",2020/4/27,誤り,https://www.yomiuri.co.jp/national/20200412-OYT1T50078/,,,日本
2,https://twitter.com/hatoyamayukio/status/1547125398882119680?s=20&t=LqZf2R2NDtGWKJ_LsOBMzg,Twitter,白澤卓二先生のお話を聞いて驚愕した。WHOがワクチンを打った人の方が打たない人より３倍入院する確率が高いことを認めたとのこと。ファイザーは大量のデータを消したとの内部告発も発表された。今までワクチン利権は聞いていたが、陰謀論と切り捨てられるようなものではないことが明らかになった。,2022/7/13,医療・健康,51000,27000,2022/9/30,日本,https://www.buzzfeed.com/jp/kotahatachi/yukio-hatoyama-fc,"「ワクチンを打つと入院確率が3倍になるとWHOが認めた」鳩山元首相のツイートを専門家が否定。河野太郎氏は「ワクチンデマ」と批判
拡散しているのは鳩山由紀夫・元首相のツイート。しかしWHOはこうした発表を一切しておらず、イギリスからの報告などでは、むしろ、3回目接種においては「打った人のほうが打たない人よりも3倍以上入院する確率が『低い』」ことが明らかになっている。",2022/8/12,誤り,日米の専門家でつくるプロジェクト「こびナビ」はBuzzFeed Newsの取材に対し、まず「入院確率が3倍になる」という言説について「鳩山氏のツイート内容のような事実は認知しておりません」と回答。「英国からの報告では、ワクチンの入院予防効果は、3回目接種から105日以降で、18～64歳で70%程度、65歳以上で80%強であることが明らかになっています。つまり、『うった人の方がうたない人より3倍以上入院する確率が低い』のが事実です」,,,日本
3,https://www.kantei.go.jp/jp/99_suga/actions/202107/08corona.html,Website,"令和３年７月８日、菅総理は、総理大臣官邸で第７０回新型コロナウイルス感染症対策本部を開催しました。
　会議では、新型コロナウイルス感染症への対応について議論が行われました。
　総理は、本日の議論を踏まえ、次のように述べました。
「全国の多くの地域において、新規感染者数は減少しておりますが、東京を中心とする首都圏は、先月末以降、感染者数の増加が続いております。重症者の数や病床の利用率は、低い水準にとどまっておりますが、変異株の影響を考慮し、再び全国へ感染拡大を波及させないためにも、対策を強化する必要があります。
　こうした状況を踏まえ、緊急事態宣言を、東京都を対象に発出し、また、沖縄県については延長することとし、期間を８月２２日までとすること、まん延防止等重点措置については、埼玉県、千葉県、神奈川県、大阪府について、８月２２日まで延長すること、北海道、愛知県、京都府、兵庫県、福岡県について、７月１１日をもって終了することを、それぞれ決定いたしました。ワクチンの効果が明らかとなり、病床の状況などに改善が見られる場合には、前倒しで解除することも判断いたします。
　緊急事態宣言の地域では、これまでの対策を継続し、飲食店における酒類の提供を一律に停止いたします。まん延防止等重点措置の地域においても、酒類の提供は原則として停止することとし、地域の状況に応じて判断することといたします。
　そしてまた、ワクチン接種については、先進国の中でも例のない速さで接種が行われており、総接種回数は５，４００万回を超え、既に、高齢者の約７割、全国民の約３割の方が１回の接種を終えています。今後、自治体における接種が円滑に進むよう、接種が進む市町村に多く配分できるよう見直しを行い、配分量をできる限り早期にお示ししてまいります。企業や大学などの接種についても、受け付けた申請の精査を速やかに行い、確実に対応してまいります。
　各大臣におかれては、感染防止対策、ワクチン接種について、しっかり連携して、全力を挙げて取り組んでいただくようお願いいたします。」",2022/7/8,医療・健康,,,2022/9/30,日本,https://www.buzzfeed.com/jp/kotahatachi/vakzin-fc-6,"菅首相「ワクチン接種、先進国の中で最速」はミスリード。会見で強調、実際は…
菅首相の発言があったのは、東京に4度目の緊急事態宣言を発令することになったことを受け、7月9日に開かれた記者会見。「先進国の中でも最も速いスピードだと言われてます」などと述べた。",2021/7/9,ミスリード,https://ourworldindata.org/covid-vaccinations,,,日本
4,https://twitter.com/jda1BekUDve1ccx/status/1535199494392156161?s=20&t=LqZf2R2NDtGWKJ_LsOBMzg,Twitter,IAEAのグロッシ事務局長が「韓国が海へ流している処理水は１７兆ベクレル。日本の１３０倍であり、日常的に行われている」。で、韓国が日本に何か文句言ってるんだって？,2022/6/10,医療・健康,8970,2413,2022/9/30,,https://www.buzzfeed.com/jp/keitaaimoto/iaea-factcheck,"「韓国が流す処理水は17兆ベクレル」福島第一原発めぐり、IAEA事務局長の発言とするツイートが拡散→誤り
福島第一原発の処理水の「海洋放出」に関して、IAEA・グロッシ事務局長の発言とするツイートと画像が拡散しました。ファクトチェックで「誤り」とわかりました。東京電力福島第一原発の処理水の「海洋放出」を巡り、IAEA（国際原子力機関）のグロッシ事務局長が「韓国が海へ流している処理水は17兆ベクレル。日本の130倍」などと発言したとするツイートが拡散している。
言説の発端とみられるのが、グロッシ事務局長の海洋放出に関するビデオメッセージを伝えたNHKのニュース画像だが、そのメッセージの字幕は意図的に加工されたものだった。
NHK広報局も「画像は放送内容そのものではない」と否定しており、このツイートと画像は「誤り」だ。BuzzFeed Newsはファクトチェックした。",2022/6/17,誤り,https://www.meti.go.jp/press/2021/04/20210413001/20210413001.html,,,日本
5,https://twitter.com/InfoBeigedo/status/1534054899641905155?s=20&t=LqZf2R2NDtGWKJ_LsOBMzg,Twitter,"５～11歳の子どもへのワクチン接種の怖さ：それでも接種させますか
「英国政府報告書：英国政府の公式データによると、子供がCovid-19ワクチン接種後に死亡する確率は、未接種の子供に比べ最大52倍である。」
 https://jamubeigedo.co.jp/new/2022-03-09-191943.html
#コロナウイルス　#ワクチン　#副作用　#死亡　#英国　#子供",2022/6/7,医療・健康,0,0,2022/9/30,日本,https://www.buzzfeed.com/jp/kotahatachi/children-vaccine-factcheck,"「ワクチン接種した子どもの死亡率は未接種者の52倍」はミスリード。英政府データを根拠と拡散、専門家は否定
イギリスの国家統計局「ONS」のデータに基づき、10?14歳の「10万人ごとの死亡率」をワクチン接種の状況に計算しまとめたとする内容だが、比較の方法が「極めてミスリーディング」（専門家）であるため、注意が必要だ。",2022/3/10,ミスリード,https://www.politifact.com/factchecks/2022/feb/11/blog-posting/no-covid-19-vaccine-not-increasing-child-mortality/,,,日本
6,https://web.archive.org/web/20210114065749/https://news.yahoo.co.jp/articles/fb77e11e286a81d9ac9fd7955471d38879a40ac7,新聞,"【独自】大江戸線運転士の集団感染、「盲点」だった共用洗面所の蛇口
新型コロナウイルスの感染拡大は、公共交通機関の運行にも影響する。東京では、都営地下鉄大江戸線の運転士が集団で感染し、年末年始の約２週間、間引き運行となった。感染が広がる要因の一つになったとみられるのは、運転士の宿直施設にある洗面所の蛇口だ。鉄道の運転士は交代要員の確保が難しく、鉄道各社は対策強化を検討している。（佐藤果林、山下智寛）
■本数削減
　都営大江戸線は、新宿や六本木など東京の中心部を結ぶ路線だ。一部は２３区北西部の練馬区にも延びる。２０１９年度は、１日に約９８万人が利用した。
　運転士の感染が最初にわかったのは、昨年１２月１５日だ。それから次々に感染者が判明し、今月４日までに３８人に上った。大江戸線に乗務する運転士の２割に当たり、感染者との濃厚接触者となった運転士ら４人も出勤できなくなった。このため大江戸線は、昨年１２月２７日から１月１１日にかけ、運行本数を普段の７割程度に抑える運行体制となった。
　都交通局などによると、３８人はいずれも江東区内の庁舎で始発などに備え、宿直していた。寝室は個室で、リネン類も毎日交換されていたが、洗面所や浴室、台所は共用で、同時に複数人が利用することもあった。
　１２月の保健所の現地調査で、感染を広げたと推定されたのは洗面所の蛇口だった。手で回して水を出すタイプで、歯磨きの際に唾液が付着した手で触れるなどし、ウイルスが付着した可能性が高いと指摘された。
　これを受け、都交通局は都営地下鉄各線の運転士に、洗面所の蛇口は紙で覆って触れることや、使用後の手指消毒などを指示。手を近づけるだけで水の出るセンサー式蛇口への変更も今後、検討するという。
　始発に乗務する鉄道の運転士の多くは前夜から宿泊する。大江戸線の場合、月に５、６回だ。都交通局は、他の鉄道各社にも注意を促すため、情報提供を始めた。",2022/1/14,医療・健康,,,2022/10/3,日本,https://www.buzzfeed.com/jp/kotahatachi/metro-tokyo,"大江戸線の集団感染「洗面所の蛇口が原因か」はミスリード。専門家も「考えづらい」と指摘
都営大江戸線では運転手ら39人の新型コロナウイルス感染者が判明。早朝勤務に備え宿直し、浴室や洗面所、飲食スペースなどを共有していた。歯磨き時の唾液が蛇口についていたとする見方を伝える報道が相次いだが、これはミスリードだ。",2021/1/22,ミスリード,"日本口腔衛生学会の山下喜久理事長は自ら都交通局に確認をとり、1月15日に学会会員に向け以下のようなメッセージを配信している。
「保健所は単に聞き取り調査を行っただけで、感染源についての具体的検査等は何も行っていないことが分かりました」
「あたかも『歯磨きの際に唾液に汚染された蛇口』が感染源であったと断定されたかのような記事が飛び交っています」
「記事をよく読めば可能性と書いているので、間違った記述ではありませんが、他の可能性を敢えて言及していない点に問題がありそうです。また、この手の記事では見出しに惑わされることが多いようです」
メッセージではそのうえで「マスコミ報道に振り回されず、事実を見極める目が大切です」とも述べている。",,,日本
7,https://twitter.com/goooodthai/status/1396784353175162884?s=20&t=LqZf2R2NDtGWKJ_LsOBMzg,Twitter,ファイザー社が正式にワクチンが不妊症を引き起こす可能性があることを認めていますよ。,2021/5/24,医療・健康,295,189,2022/9/30,日本,https://www.buzzfeed.com/jp/kotahatachi/vakzin-fc-3,"「ファイザー社、ワクチンが不妊を引き起こすと公式に認めた」は誤り。サイトの切り取りが拡散
新型コロナウイルスのワクチンが不妊や流産などに直接の影響がないということは、臨床試験や10万人を超える妊婦への接種後の追跡調査から明らかになっている。BuzzFeed Newsはファクトチェックを実施した。",2021/6/14,誤り,"    7. Does the Pfizer-BioNTech COVID-19 Vaccine cause infertility?

    It has been suggested that COVID-19 vaccines will cause infertility because of a shared amino acid sequence in the spike protein of SARS-CoV-2 and a placental protein. Although the SARS-CoV-2 spike protein shares an amino acid sequence with a placental protein, the two proteins are immunologically different and distinct.

    In an animal study in which the Pfizer-BioNTech COVID-19 Vaccine was administered prior to and during gestation, no vaccine-related adverse effects on female fertility, fetal development, or postnatal development were reported. If you are pregnant, or planning to become pregnant, discuss your options with your healthcare provider.",,,
8,削除済み,Twitter,看護師です。コロナワクチン私以外打ちます。どの会社のものかさえ知らされません。アナフィラキシー発作時の対応薬エピネフリンは全国在庫がなく、代わりにアドレナリンが用意されています。,2021/3/22,医療・健康,2255,1844,2022/10/3,日本,https://www.buzzfeed.com/jp/yutochiba/vaccination-adrenaline,"新型コロナワクチンの一部医療従事者への先行接種が進む中、Twiitterで「アナフィラキシー発作時の対応薬エピネフリンは全国在庫がなく、代わりにアドレナリンが用意されています」という情報が拡散された。

しかし、この情報は誤りだ。

エピネフリンとアドレナリンは呼び名は違うが同一のアドレナリン製剤であり、ワクチン接種の現場では緊急時にはエピネフリンに限らず使用可能なアドレナリン製剤を使うことで準備が進められている。",2021/3/23,誤り,https://www.mhlw.go.jp/content/000746087.pdf,,,日本
9,削除済み,Twitter,中国人の新型コロナ患者を40人ずつ受け入れている。そして、陽性者は日本人患者にすり替えられて報告される。全国にこんな病院が、いったいいくつあるの,2020/12/10,医療・健康,3371,2602,2022/10/3,日本,https://www.buzzfeed.com/jp/kotahatachi/asahikawa-debunk,"旭川の病院「中国人の入院で医療崩壊」は誤り。「観光バスで40人ずつ受け入れ」などと拡散

旭川市内の病院を名指しし、「中国人の新型コロナ患者を40人づつ受け入れている」「中国人の入院で医療崩壊ですか…」などと指摘する誤情報が拡散している。",2020/12/18,誤り,この人物はその後、「不安によるつぶやきで、旭川の病院関係者に混乱を起こしてしまった」としてツイートを削除し、謝罪している（現在はこのツイート自体も削除されている）。,,,日本
10,削除済み,Twitter,世に知られているニキビ図と私が今までニキビができたときに不調だった箇所を総合的にまとめてみました！スキンケアの四方文良く触ってしまったり髪の毛が触れやすかったりでことなることがあふので参考までに！私は眉毛と顎と左保保ばかりニキビが出る...,2020/12/7,医療・健康,33600,3700,2022/10/3,日本,https://www.buzzfeed.com/jp/harunayamazaki/nikibi-map,"「ニキビの位置で体の不調がわかる」と図が拡散。専門医「全くの都市伝説」

インターネット上で拡散する、ニキビができる位置で体の不調がわかるとうたう「ニキビ図」の情報。科学的根拠はなく、皮膚科専門医も「全くの都市伝説」と一蹴します。",2020/12/15,誤り,"「元のツイートを見た時に思わず笑ってしまいましたが、都市伝説はなかなか根強いですね。それこそ、『思い思われ振り振られ』なんてニキビの伝説があるのと同じです」

皮膚科専門医の佐治なぎさ先生は、そうバッサリ言い切ります。科学的な根拠には乏しく「誤り」と言えます。

「というわけで、結論から言うと全くの都市伝説です。ただ、ショートヘアの方は髪の刺激でフェイスラインのニキビが悪化しやすい、などの傾向はあります」",,,日本
11,https://sumatome.com/su/1335897472732827649,Twitter,　世に知られているニキビ図と私が今までニキビができた時に不調だった箇所を総合的にまとめてみました！スキンケアの仕方やよく触ってしまったり髪の毛が触れやすかったりで異なることがあふので参考までに！私は眉間と顎と左頬ばかりニキビが出る…,2020/12/7,医療・健康,18000,1703,2022/10/4,日本,https://www.buzzfeed.com/jp/harunayamazaki/nikibi-map,インターネット上に出回った「ニキビ図」の情報。皮膚科専門医は「全くの都市伝説」として、医学的根拠に基づかない「誤り」であると指摘します。,2020/12/15,誤り,医学的根拠なし,,,
12,https://twitter.com/Ohsaworks/status/1334722467324162049?s=20&t=yfXSnL_rYzbKeNs5v0ZwLg,Twitter,【悲報】新型コロナ感染者、ほとんどが外国人だった。,2020/12/4,医療・健康,2512,3681,2022/10/3,日本,https://www.buzzfeed.com/jp/kotahatachi/20per-japan-2,"「新型コロナ感染者、ほとんどが外国人」は誤り。元東大特任准教授らがグラフ拡散
ネット上で広がっているのは、「流行曲線：日本国籍とそれ以外」「日本人は累計でグラフの18％」などとするグラフだ。出典は明らかではなく、厚生労働省の担当者も、「多くは日本国籍であると推測できる」と否定している。
新型コロナウイルスの感染拡大をめぐり、感染者のほとんどが「外国人だった」などとして、グラフが拡散している。
7月ごろから広がりを見せているものだが、こうした解釈は「誤り」だ。グラフは「日本人と国籍不明者」の人数をまとめているが、そもそも厚労省は「国籍不明者」の発表を行っていない。",2020/12/8,誤り,"拡散しているグラフ自体にソースは一切明示されていないが、その数値などからしても、厚生労働省が発表している「国内発生動向」を引用しているとみられる。
この動向は、各自治体から送られる個票を厚労省がまとめたもの。陽性者のうち「日本国籍が確認されている者」や「外国籍が確認されている者」の人数も公表されている。
ただし、動向では「国籍不明者」という人数は公表されておらず、全体数などから「日本国籍」と「外国籍」の人数を引いて「それ以外」の人数を算出している可能性が高い。
こうして算出した「それ以外」の人数は、日本人よりも多くなる。しかし留意が必要なのが、そもそもここには「国籍を確認中」だったり、自治体が個別の国籍を公表していなかったりするケースが多く含まれているという点だ。
厚労省新型コロナウイルス感染症対策本部サーベイランス班の担当者もBuzzFeed Newsの取材に「日本国籍が確認されている者」は、あくまではっきりと国籍が確認できたものに限っている、と指摘。
「確認中もしくは公表していない自治体もあり、それ以外の人数が必ずしも外国籍というわけではありません」と回答した。",,,日本
13,https://www.theguardian.com/world/2020/nov/27/truthpaper-the-anti-lockdown-newspaper-bypassing-online-fact-checkers,Website,"When the factcheckers tried to find the source of a viral photo that was spreading across Facebook, they were confused. The picture ? which had been uploaded by users in the UK, US, Australia and elsewhere in the world - showed a headline that made the false claim that a US government agency had declared Covid-19 did not exist. It appeared to be from a real print newspaper, but no credible outlet would publish such a claim.

Then they had a breakthrough: it turned out the headline was from a new self-published conspiracy theorist “truthpaper” called the Light, edited by a man from Manchester who runs a business selling anti-vaccine T-shirts and 9/11 conspiracy merchandise.
Advertisement

The outlet, which has published three issues since it first appeared in September, draws heavily on the gloop of long-running online conspiracies about a new world order, which have attached themselves to the current pandemic. Among other things it encourages people to stop wearing masks and disobey lockdown on the basis that the coronavirus is a hoax.

It has been formed as a reaction to attempts by major tech platforms to clamp down on coronavirus disinformation - but the same tech outlets also help enable its reach: the Light’s distribution relies on a 5,000-strong private Facebook group where volunteers offer to hand out copies and post them through their neighbours’ doors.

The print publication regularly draws on baseless claims about Bill Gates, global plots and mind control using vaccines. It calls for modern-day “Nuremberg trials” for journalists, and repeatedly references Agenda 21, a longstanding conspiracy theory revived by the pandemic.
Darren Smith, the Light’s founder and editor, who performs as Darren Nesbitt, told the Guardian his publication has a print run of 100,000 copies, which are distributed by volunteers who sign up to the outlet’s core message that the coronavirus is a hoax.
Advertisement
Although this circulation number is impossible to verify, it certainly has a broad geographic distribution. The Guardian found readers who picked up copies in the small West Yorkshire town of Holmfirth, coffee shops in London, a hair salon in Farnborough and pubs in rural Leicestershire.
Copies have also been left in petrol stations and distributed at anti-lockdown rallies, while people in Manchester, London and north Wales have found it pushed through their door.
Smith, who also runs an acoustic guitar strings company in Manchester, said funding for his outlet “comes from donations, advertising and subscriptions”. He said YouTube was increasingly removing the conspiracy material he featured in his publication, and since “all the real journalists have left institutions like the Ganduria [sic] now” he was filling “a rather large gap in the market”. He called the pandemic a “charade” and said “censorship” of these claims by tech platforms had driven him to create the print outlet.
The false story that Facebook’s factcheckers traced back to the Light ? that the US government had accepted that Covid was a hoax ? provides a telling example of the complex web of sources that make up a modern disinformation network. It also shows how the online world is increasingly blended with real-life actions, making it difficult to find a simple technical solution to prevent the spread of baseless claims that could undermine support for a vaccination programme.
The hoax claim appears to have originated from an obscure blog and was then put by Smith into his self-published print paper, which was then distributed by volunteers recruited through online anti-lockdown Facebook groups and on Twitter.
After the volunteer distributors had pushed the newspaper through people’s letterboxes and dropped piles in cafes, readers who encountered the publication began taking photos of its headlines and uploading them to Facebook, allowing the false claims to spread across the internet again.
The image of it appearing in a printed paper gave the claim credibility. Meanwhile, Facebook’s third-party factcheckers were left playing catchup and trying to damp down the fire.
Some of the articles featured in the newspaper have been lifted from other mainstream sites without permission and rewritten with the original journalist’s byline left intact. The adverts are largely for fringe conspiracy sites and associated merchandise.
Smith also runs an anti-pandemic clothing chain selling T-shirts with slogans such as “scamdemic” and clothing questioning the 9/11 attacks. He claimed the Guardian was “trying to turn the world into a technocratic tyranny … which will see individual freedom and free speech/wealth creation by ordinary people [become] a thing of the past”.
Flyers and fringe conspiracy newspapers are nothing new but the ability to build a real-world, low-cost newspaper distribution network is, perhaps ironically, made easier by tech companies, which are trying to clamp down on disinformation hosted directly on their platforms.
And although the reach of a viral YouTube video, Facebook post or a WhatsApp message can often be substantially higher, a newspaper such as the Light can help introduce material to new groups who would otherwise not see it, and seed material that can easily be photographed and uploaded online.
… as you’re joining us today from Japan, we have a small favour to ask. Tens of millions have placed their trust in the Guardian’s fearless journalism since we started publishing 200 years ago, turning to us in moments of crisis, uncertainty, solidarity and hope. More than 1.5 million supporters, from 180 countries, now power us financially ? keeping us open to all, and fiercely independent.
Unlike many others, the Guardian has no shareholders and no billionaire owner. Just the determination and passion to deliver high-impact global reporting, always free from commercial or political influence. Reporting like this is vital for democracy, for fairness and to demand better from the powerful.
And we provide all this for free, for everyone to read. We do this because we believe in information equality. Greater numbers of people can keep track of the events shaping our world, understand their impact on people and communities, and become inspired to take meaningful action. Millions can benefit from open access to quality, truthful news, regardless of their ability to pay for it.
Every contribution, however big or small, powers our journalism and sustains our future. Support the Guardian from as little as $1 ? it only takes a minute. If you can, please consider supporting us with a regular amount each month. Thank you.",2020/11/27,医療・健康,,,2022/9/30,イギリス,https://www.buzzfeed.com/jp/kotahatachi/truth-paper,"「コロナウイルスは存在しない」虚偽の“新聞記事”が拡散、日本でも… その実態は？
拡散しているのは、イギリスの個人が発行している新聞であり、陰謀論を流布していると指摘をされている。画像は欧米でも昨年秋ごろに広がって、すでに否定されている。",2021/3/25,誤り,"SARS-CoV-2, the virus that causes COVID-19, was isolated in the laboratory and is available for research by the scientific and medical community.
One important way that CDC has supported global efforts to study and learn about SARS-CoV-2 in the laboratory was by growing the virus in cell culture and ensuring that it was widely available. Researchers in the scientific and medical community can use virus obtained from this work in their studies.
CDC is using SARS-CoV-2 in various ways, including the following:
    To test serum collected from people who have recovered from COVID-19 to look for antibody that might block viral infections
    To determine when people shed live virus during the disease.external icon This information has shaped CDC’s guidance on when to discontinue transmission-based precautions for patients.
SARS-CoV-2 strains supplied by CDC and other researchers can be requested, free, from the Biodefense and Emerging Infections Research (BEI) Resources Repositoryexternal icon by established institutions that meet BEI requirements. These requirements include maintaining appropriate facilities and safety programs, as well as having the appropriate expertise. BEI supplies organisms and reagents to the broader community of microbiology and infectious disease researchers.",,,日本
14,https://twitter.com/katsuyatakasu/status/1312155592237096962?s=20&t=yfXSnL_rYzbKeNs5v0ZwLg,Twitter,"現在の日本の新型コロナウイルスは
1/10000000の死亡率です。
未知のウイルスに対する過剰防衛推奨の時期は過ぎました。
恐れすぎて自粛しすぎるのは間違いだと思います。
勇気を出して日常生活を戻すべきです。
僕は経済活動自粛の後遺症で沢山の死亡者が出る次のフェーズを怖れています。",2020/10/3,医療・健康,7000,2237,2022/10/3,日本,https://www.buzzfeed.com/jp/yutochiba/covid-19-fatality-rate,"日本の新型コロナ死亡率、「1千万分の1」は誤り。致死率も低下する中、「現在の対策は過剰」は本当か？

「現在の日本の新型コロナウイルスは 1/10000000の死亡率です」という誤った情報が拡散している。10月20日時点での日本における新型コロナウイルス感染症による死亡者数は1672人。人口100万人当たりに置き換えると、死亡者は13.2人 / 100万人だ。",2020/10/20,誤り,"高須さんの示す死亡率が正確ならば、全国の死亡者はこれまでに12.6人となる。しかし、10月20日時点での日本における新型コロナウイルス感染症による死亡者数は1672人だ。

人口100万人当たりに置き換えると、死亡者は13.2人 / 100万人。高須さんのツイート内容と比較するため1000万人あたりで整理すると、新型コロナによる死亡者は132人 / 1000万人だ。

また、国立感染症研究所の感染症疫学センターが算出した調整致死率は8月30日時点では2.4%だ。

こうしたデータを踏まえると、高須さんのツイートは新型コロナのリスクを過少に評価していると言わざるを得ない。",,,日本
15,https://www.nbcnews.com/tech/tech-news/troll-farms-macedonia-philippines-pushed-coronavirus-disinformation-facebook-n1218376,Website,"Troll farms from North Macedonia and the Philippines pushed coronavirus disinformation on Facebook
Facebook banned one of the most prolific pushers of medical disinformation after finding its articles had been spread for foreign trolls.
By Ben Collins and Brandy Zadrozny
One of the largest publishers of coronavirus disinformation on Facebook has been banned from the platform for using content farms from North Macedonia and the Philippines, Facebook said on Friday.
The publisher, Natural News, was one of the most prolific pushers of the viral “Plandemic” conspiracy video, which falsely claimed that the coronavirus is part of an elaborate government plot to control the populace through vaccines, and erroneously claimed that wearing a mask increases the risk of catching the coronavirus.
Facebook said that it had found foreign trolls repeatedly posted content from Natural News, an anti-vaccination news site that frequently posts false coronavirus conspiracy theories about 5G towers and Bill Gates. They also posted content from Natural News' sister websites, NewsTarget and Brighteon, in an effort to artificially inflate their reach.
“We removed these Pages for spammy and abusive behavior, not the content they posted. They misled people about the popularity of their posts and relied on content farms in North Macedonia and the Philippines,” Facebook said in a statement.
Download the NBC News app for full coverage of the coronavirus outbreak
Facebook said the actions came as part of its routine enforcement against spam networks. Among other irregular behaviors, Natural News posted its content at an unusually high frequency, attempting to evade rate limits, which effectively tripped Facebook’s spam alarms, the company said.
Natural News’ official Facebook page was banned from Facebook last year, but the site evaded the ban by posting content on Natural News-branded disinformation groups titled “Amazing Cures” and “GMO Dangers,” which had hundreds of thousands of followers.
Russia and China spread coronavirus conspiracies about US in Middle East
May 27, 202005:01
After Facebook’s discovery of foreign platform manipulation, the company banned all users from posting links to Natural News and its sister sites across the entirety of the site on May 19.
Natural News is a website owned and operated by Mike Adams, a dietary supplement purveyor who goes by the moniker “The Health Ranger.” Adam's operation is by farthe worst spreader of health misinformation online, according to an NBC News analysis.
Last year, the website hosted the most engaged-with article about cancer on the internet. The April article, “Cancer industry not looking for a cure; they’re too busy making money,” which promoted the baseless conspiracy theory that “Big Pharma” is hiding a known cure for cancer to keep people sick, garnered 5.4 million shares, comments and reactions, mostly on Facebook, according to data compiled through BuzzSumo, a social media analytics company.
Full coverage of the coronavirus outbreak
Over its 25 years of operation, Natural News has hosted thousands of articles that reject scientific consensus, promote fake cures and spread conspiracy theories. Its articles have also targeted scientists and doctors for harassment and violence. In April, the site had 3.5 million unique viewers, according to the internet analytics company SimilarWeb.
Recommended
Hurricane Ian
Internet access down across Florida areas hit by Hurricane Ian
Video Games
Google to shut down gaming service Stadia as CEO continues cost-cutting efforts
Natural News was banned by Facebook in June 2019 for using “misleading or inaccurate information” to attract engagement, according to a statement from Facebook. Natural News had nearly 3 million followers at the time.
“It’s long overdue,” said David Gorski, an oncologist at Wayne State University who writes about health misinformation and pseudoscience at the website Science Based Medicine. “Natural News and Mike Adams have been as harmful to public discourse on science, medicine, and also politics as Alex Jones, whom he very much resembles.”
Adams did not respond to a request for comment, but addressed the ban on his website on Tuesday, calling it “digital book burning” and urging readers to complain to Facebook and file a civil rights complaint with the Department of Justice.
Avaaz, an activist organization that campaigns against disinformation online, released a study on Friday claiming that Natural News reached new heights after its initial ban last year by creating informal subgroups that spammed the social media network with health disinformation.
“Since the takedown has happened, Natural News has reached hundreds of millions of people by utilizing an entire universe of pages that are pushing this disinformation,” said Luca Nicotra, a researcher and senior campaigner at Avaaz.
Avaaz’s research found that Natural News’ content had more engagement on Facebook than links to the WHO and CDC combined over the last year.
Nicotra called Facebook’s move to ban links to Natural News “a very bold move, and something usually reserved for spammers.” He said he’s “happy” with Facebook’s major step to crack down on what he called a “serial misinformer,” while adding that more work needed to be done to keep users safe.
“What’s needed is a major detox, a systemic solution to quarantine serial health misinformers. If they don’t, their lies and conspiracies could contaminate millions more and threaten the global response to Covid-19,” Nicotra said.
CORRECTION (May 29, 2020, 8:04 p.m. ET): An earlier version of this article misstated the name of the country where some of the troll farms operated. It is North Macedonia, not Macedonia.
",2020/5/30,医療・健康,,,2022/9/30,アメリカ,https://www.buzzfeed.com/jp/kotahatachi/cdc-natural-immunity-covid19,"「CDCがワクチンよりも自然免疫の方が効果があると認めた」は誤り。コロナ感染めぐり拡散、実際は「迷信」と指摘
CDCは公式サイト上で、今回拡散していたような「COVID-19に感染して得られる自然免疫は、COVID-19のワクチン接種で得られる免疫よりも優れています」とする言説を「myth（迷信、誤った通説）」とし、ワクチン接種を推奨している。
新型コロナウイルスのワクチン接種をめぐり、アメリカ疾病予防管理センター（CDC）が「ワクチンよりも自然免疫の方が効果があることを認めた」として、ワクチン接種を否定するような情報がSNSで拡散している。
これは誤りだ。CDCはそのような発表をしていない。この場合「自然免疫」はコロナに感染することで得る免疫を指しているとみられるが、CDCは感染にはさまざまなリスクがあるとして、ワクチン接種を推奨している。",2022/9/5,誤り,https://www.cdc.gov/coronavirus/2019-ncov/vaccines/facts.html,,,日本
16,https://twitter.com/Jin115/status/1242822630115168256?s=20&t=yfXSnL_rYzbKeNs5v0ZwLg,Twitter,【ヤバイ】東京封鎖宣言で、パニック状態に突入！ スーパーがとんでもない混雑になり水・食料品が買い占めで消える・・・,2020/3/25,医療・健康,375,427,2022/10/3,日本,https://www.buzzfeed.com/jp/kotahatachi/rokkudaunpanikkudegaruni,"「東京ロックダウン決定」「首都封鎖宣言」危機感あおる誤情報に注意
感染爆発に至るか否かの重大局面にあるとして、週末の外出自粛や自宅勤務、夜間の外出自粛を呼びかけた東京都の小池百合子知事。感染爆発（オーバーシュート）を防ぎ、生活や経済などへの影響が著しい「ロックダウン」（都市封鎖）を招かない狙いがある。",2020/3/26,誤り,"「強制的な移動制限」については西村康稔担当相が3月11日の衆議院内閣委員会で、先日成立された新型コロナウイルス対策特措法ではなく、感染症法を適用することで可能になるとの見解を示している。

同法33条には72時間以内という条件つきで、都道府県知事が「病原体に汚染され、又は汚染された疑いがある場所の交通を制限し、又は遮断することができる」と定められている。

しかし、この対象は「エボラ出血熱」などの一類感染症のみで、新型コロナウイルス感染症は、現時点では含まれない。このため西村担当相は、実際の交通制限や遮断には、政令改正の手続きが必要になるとしている。

いずれにせよ、現段階では、東京を含む国内の都市でロックダウンは実施されていない。",https://elaws.e-gov.go.jp/document?lawid=410AC0000000114,https://elaws.e-gov.go.jp/document?lawid=424AC0000000031#D,日本
17,https://mainichi.jp/articles/20200223/k00/00m/010/065000c,新聞,新型肺炎　医療用マスク、自治体・病院に優先供給　厚労省,2020/2/23,医療・健康,,,2022/10/3,日本,https://www.buzzfeed.com/jp/kensukeseya/covid-mask-fc,"拡散した「政府が日の丸マスクを生産」との誤情報　メーカー“法的措置”検討も視野

新型コロナウイルスの感染拡大に伴い、政府が「マスク不足に対応し日の丸を冠したマスクを生産」との情報が、Twitterを中心に拡散した。しかし、これは誤りだ。

毎日新聞は2月23日、記事「新型肺炎　医療用マスク、自治体・病院に優先供給　厚労省」を配信した。

厚労省が、2月下旬から医療用マスクについて、都道府県や医療機関に優先的に供給されるよう対策に乗り出す方針だと伝えた記事だった。この中で、毎日新聞は日の丸があしらわれたマスクの写真を使用した。

写真説明には「新型コロナウイルスの感染拡大で国内外から注文が殺到している高機能マスク＝愛知県豊橋市で2020年1月30日午後1時19分」とあった。

すると、Twitterなどで、この写真や記事を根拠とする形で「厚労省がマスク不足に対応し日の丸を冠したマスクを生産」といった、次のような投稿が相次いだ。

「これを作るのに、コストどのくらいあがったんだろう。こんなことより、枚数だろうに」「なぜかマスクに日の丸。一刻も早く、多く必要という中、作業増やして意味わからない」「危機管理能力が無い、官僚達だもんなぁ！効率的な作業が出来ない人達の集まり！」

Twitterでは他のユーザーから誤りを指摘され、すでに削除された投稿もあるが、いくつかのツイートは残り、今も憶測を投稿するユーザーもいる。",2020/3/2,誤り,"このマスクは2015年に発売された商品であり、そもそも記事には、そのように示す表記は一切ない。

そして、毎日新聞は当該マスク写真を「イメージ画像として使用した」とし、厚労省もメーカーに特定のマスクの生産を依頼するといった事実は「ありません」とBuzzFeed Newsの取材に答えた。

メーカー自身も「そのような事実は一切ない」と全面的に否定している。",,,日本
18,https://twitter.com/katsuyatakasu/status/1224869523460771840?ref_src=twsrc%5Etfw%7Ctwcamp%5Etweetembed%7Ctwterm%5E1224869523460771840%7Ctwgr%5Ebd9c3e3ac1322cc81b22fb64db4098218e366f2a%7Ctwcon%5Es1_&ref_url=https%3A%2F%2Fwww.buzzfeed.com%2Fjp%2Fyutochiba%2Fhpv-takasu,Twitter,"きみは馬鹿じゃないか！
子宮頸癌はコンドームを一瞬つければ防げるが新型コロナウイルスはマスクをつけっぱなしにしても感染する可能性があるんだよ。同時に何人にもうつせるのだ。
危険性は比べものにならん",2020/2/5,医療・健康,12800,3342,2022/10/4,日本,https://www.buzzfeed.com/jp/yutochiba/hpv-takasu,ツイートに対し、元記事で紹介されていた神戸大学教授、感染症の専門家・岩田健太郎医師は「防げません。少なくとも防ぎきれません」とコメント。また、感染症対策コンサルタントの堀成美さんをはじめ、多くの医療関係者もこの情報の誤りを指摘している。,2020/2/5,誤り,医学的に誤り,,,
19,https://st.benesse.ne.jp/ninshin/content/?id=2630,Website,"注目したいのは、精神面。とくに、「不安や過度のストレスはつわりを悪化させる」といわれています。つわりを悪化させないようにするには、できるだけリラックスを心がけ、自律神経のバランスを整えるようにするといいですね。
また、スマホやパソコンの画面の見すぎなど、目の使いすぎもつわりを悪化させます。とくに就寝前はスマホやパソコンの画面を見ないようにしましょう。",2017/9/6,医療・健康,,,2022/10/4,日本,https://www.buzzfeed.com/jp/kotahatachi/tamahiyo,"こういった要素がつわりの軽重に影響を及ぼすとする情報は、『たまひよ』に限らず一般的にも広がっているが、医学的には「誤り」だ。
産婦人科医の重見大介さん（公衆衛生学修士）は、BuzzFeed Newsの取材に「つわりは個人差がとても大きく、重い人や軽い人を単純な要素から予測することは医学的には不可能です」と指摘する。",2021/10/18,誤り,つわりは個人差がとても大きく、重い人や軽い人を単純な要素から予測することは医学的には不可能,,,
20,,Twitter,"ネット上に拡散しているのは「スペイン風邪で子どもを亡くした与謝野晶子が、まるで今を見ているような文章を残している」という情報だ。
1918?19年、世界をインフルエンザが襲い、世界で数千万人日本でも38万人の死亡者が出た。俗に「スペイン風邪」と呼ばれるパンデミックだ。
その時代を生きていた彼女の「文章」とは、1918年11月3日に「横濱貿易新報」（いまの神奈川新聞）に記した「感冒の床」の一節だ。
「政府はなぜいち早く　この危険を防止するために… 一時的休業を命じなかったのでしょうか」
この情報は4.6万リツイート、9.3万いいねされるなど、大きな反響を呼んでいる。ツイートをまとめるサイト「Togetter」（すでに削除）やトレンドブログなどにも取り上げられていることも確認できた。",,医療・健康,,,2022/10/3,日本,https://www.buzzfeed.com/jp/kotahatachi/spain-flu,"「与謝野晶子がスペイン風邪で子どもを亡くした」は誤り。新型コロナで拡散したが…
ネット上では彼女が1918年11月3日に「横濱貿易新報」（いまの神奈川新聞）に記した「感冒の床」の一節が拡散している。",2020/4/8,誤り,"彼女は12人の子どもをもうけたが、そのうち亡くなったのは6男の寸。1917年に生まれ、その2日後に死亡している。一方で、スペイン風邪が流行した時期は1918?19年だ。整合性が取れないことがわかる。

BuzzFeed Newsの取材に対し、与謝野晶子記念館を運営する「さかい利晶の杜」の担当者はこう説明する。

「与謝野晶子の6男はたしかに亡くなっていますが、スペイン風邪のはやる前年でした。『感冒の床』には小学校に通った子どもから順々に広がって感染をしたことは記されていますが、子どもを失ったとするような記載はありません」",,,日本
